property,period,account_code,account_name,category,amount
Oak Ridge,2026-03,4000,Rental Income,Rental Income,214500
Oak Ridge,2026-03,4100,Concessions,Concessions,-7400
Oak Ridge,2026-03,4200,Bad Debt,Bad Debt,-6100
Oak Ridge,2026-03,4300,Other Income,Other Income,12600
Oak Ridge,2026-03,5000,Payroll,Payroll,35200
Oak Ridge,2026-03,5200,Repairs & Maintenance,Repairs & Maintenance,22100
Oak Ridge,2026-03,5300,Utilities,Utilities,18700
Oak Ridge,2026-03,5400,Marketing,Marketing,3900
Oak Ridge,2026-03,5500,Administrative,Administrative,8100
Oak Ridge,2026-03,6000,Taxes,Taxes,26500
Oak Ridge,2026-03,6100,Insurance,Insurance,9600
Oak Ridge,2026-03,6200,Management Fees,Management Fees,7900
Oak Ridge,2026-04,4000,Rental Income,Rental Income,211800
Oak Ridge,2026-04,4100,Concessions,Concessions,-9200
Oak Ridge,2026-04,4200,Bad Debt,Bad Debt,-8400
Oak Ridge,2026-04,4300,Other Income,Other Income,11900
Oak Ridge,2026-04,5000,Payroll,Payroll,36100
Oak Ridge,2026-04,5200,Repairs & Maintenance,Repairs & Maintenance,24600
Oak Ridge,2026-04,5300,Utilities,Utilities,19200
Oak Ridge,2026-04,5400,Marketing,Marketing,4600
Oak Ridge,2026-04,5500,Administrative,Administrative,8500
Oak Ridge,2026-04,6000,Taxes,Taxes,26500
Oak Ridge,2026-04,6100,Insurance,Insurance,9600
Oak Ridge,2026-04,6200,Management Fees,Management Fees,7800
Oak Ridge,2026-05,4000,Rental Income,Rental Income,205600
Oak Ridge,2026-05,4100,Concessions,Concessions,-12800
Oak Ridge,2026-05,4200,Bad Debt,Bad Debt,-11700
Oak Ridge,2026-05,4300,Other Income,Other Income,11850
Oak Ridge,2026-05,5000,Payroll,Payroll,36400
Oak Ridge,2026-05,5200,Repairs & Maintenance,Repairs & Maintenance,31400
Oak Ridge,2026-05,5300,Utilities,Utilities,20100
Oak Ridge,2026-05,5400,Marketing,Marketing,5900
Oak Ridge,2026-05,5500,Administrative,Administrative,8700
Oak Ridge,2026-05,6000,Taxes,Taxes,26500
Oak Ridge,2026-05,6100,Insurance,Insurance,9600
Oak Ridge,2026-05,6200,Management Fees,Management Fees,7600
Riverbend,2026-05,4000,Rental Income,Rental Income,277400
Riverbend,2026-05,4100,Concessions,Concessions,-6600
Riverbend,2026-05,4200,Bad Debt,Bad Debt,-5300
Riverbend,2026-05,4300,Other Income,Other Income,16400
Riverbend,2026-05,5000,Payroll,Payroll,43100
Riverbend,2026-05,5200,Repairs & Maintenance,Repairs & Maintenance,21900
Riverbend,2026-05,5300,Utilities,Utilities,24400
Riverbend,2026-05,5400,Marketing,Marketing,3300
Riverbend,2026-05,5500,Administrative,Administrative,9100
Riverbend,2026-05,6000,Taxes,Taxes,33200
Riverbend,2026-05,6100,Insurance,Insurance,12100
Riverbend,2026-05,6200,Management Fees,Management Fees,9900
Pine Hollow,2026-05,4000,Rental Income,Rental Income,119900
Pine Hollow,2026-05,4100,Concessions,Concessions,-2400
Pine Hollow,2026-05,4200,Bad Debt,Bad Debt,-1900
Pine Hollow,2026-05,4300,Other Income,Other Income,7300
Pine Hollow,2026-05,5000,Payroll,Payroll,21100
Pine Hollow,2026-05,5200,Repairs & Maintenance,Repairs & Maintenance,11200
Pine Hollow,2026-05,5300,Utilities,Utilities,9800
Pine Hollow,2026-05,5400,Marketing,Marketing,1800
Pine Hollow,2026-05,5500,Administrative,Administrative,4100
Pine Hollow,2026-05,6000,Taxes,Taxes,14300
Pine Hollow,2026-05,6100,Insurance,Insurance,5200
Pine Hollow,2026-05,6200,Management Fees,Management Fees,4300
